<?xml version="1.1" encoding="UTF-8" standalone="yes"?>
<addon id="repository.notoco.univ" name="Notoco Univ Repo" version="1.2" provider-name="notoco">
		<extension point="xbmc.addon.repository" name="Notoco Univ Repo">
			<dir>
				<info>https://github.com/notoco/univ/raw/master/addons.xml</info>
				<checksum>https://github.com/notoco/univ/raw/master/addons.xml.md5</checksum>
				<datadir zip="true">https://github.com/notoco/univ/raw/master/zip</datadir>
			</dir>
			<dir>
				<info>https://github.com/CastagnaIT/repository.castagnait/raw/master/addons.xml</info>
				<checksum>https://github.com/CastagnaIT/repository.castagnait/raw/master/addons.xml.md5</checksum>
				<datadir zip="true">https://github.com/CastagnaIT/repository.castagnait/raw/master/zip</datadir>
			</dir>
			<dir>
				<info compressed="false">https://raw.githubusercontent.com/marcelveldt/repository.marcelveldt/master/addons.xml</info>
				<checksum>https://raw.githubusercontent.com/marcelveldt/repository.marcelveldt/master/addons.xml.md5</checksum>
				<datadir zip="true">https://raw.githubusercontent.com/marcelveldt/repository.marcelveldt/master/</datadir>	
			</dir>
			<dir>
				<info>https://raw.githubusercontent.com/rmrector/repository.rector.stuff/master/addons.xml</info>
				<checksum>https://raw.githubusercontent.com/rmrector/repository.rector.stuff/master/addons.xml.md5</checksum>
				<datadir zip="true">https://raw.githubusercontent.com/rmrector/repository.rector.stuff/master/</datadir>
			</dir>
		</extension>
		<extension point="xbmc.addon.metadata">
			<summary>Notoco Univ Repo</summary>
			<description>Prywatne repozytorium notoco</description>
			<platform>all</platform>
			<assets>
				<icon>icon.png</icon>
			</assets>
		</extension>
	</addon>
