<?xml version="1.0" encoding="UTF-8"?>
<window id="11112">
    <coordinates>
        <system>1</system>
        <posx>380</posx>
        <posy>260</posy>
    </coordinates>
    <controls>
        <control type="group">
            <description>BG</description>
            <posx>0</posx>
            <posy>0</posy>
            <width>520</width>
            <control type="image">
                <height>120</height>
                <texture>script-audio-profiles-bg.png</texture>
                <visible>String.IsEqual(Window(10000).Property(script.audio.profiles_items),1)</visible>
            </control>
            <control type="image">
                <height>170</height>
                <texture>script-audio-profiles-bg.png</texture>
                <visible>String.IsEqual(Window(10000).Property(script.audio.profiles_items),2)</visible>
            </control>
            <control type="image">
                <height>220</height>
                <texture>script-audio-profiles-bg.png</texture>
                <visible>String.IsEqual(Window(10000).Property(script.audio.profiles_items),3)</visible>
            </control>
            <control type="image">
                <height>270</height>
                <texture>script-audio-profiles-bg.png</texture>
                <visible>String.IsEqual(Window(10000).Property(script.audio.profiles_items),4)</visible>
            </control>
        </control>
        <control type="label" id="10071">
            <description>title</description>
            <posx>20</posx>
            <posy>20</posy>
            <width>480</width>
            <height>20</height>
            <label></label>
            <align>center</align>
            <font>font14</font>
            <textcolor>blue</textcolor>
        </control>
        <control type="list" id="10070">
            <description>button list</description>
            <posx>20</posx>
            <posy>60</posy>
            <width>480</width>
            <height>200</height>
            <onup>10070</onup>
            <ondown>10070</ondown>
            <itemlayout width="480" height="50">
                <control type="image">
                    <left>0</left>
                    <top>0</top>
                    <width>480</width>
                    <height>40</height>
                    <texture border="0,2,0,2">MenuItemNF.png</texture>
                </control>
                <control type="label">
                    <width>480</width>
                    <height>40</height>
                    <font>font13</font>
                    <textcolor>grey</textcolor>
                    <align>center</align>
                    <aligny>center</aligny>
                    <info>ListItem.Label</info>
                </control>
            </itemlayout>
            <focusedlayout width="480" height="50">
                <control type="image">
                    <left>0</left>
                    <top>0</top>
                    <width>480</width>
                    <height>40</height>
                    <texture border="0,2,0,2">MenuItemFO.png</texture>
                </control>
                <control type="label">
                    <width>480</width>
                    <height>40</height>
                    <font>font13</font>
                    <textcolor>white</textcolor>
                    <align>center</align>
                    <aligny>center</aligny>
                    <info>ListItem.Label</info>
                </control>
            </focusedlayout>
            <onfocus condition="String.IsEqual(Window(10000).Property(script.audio.profiles_autoclose),1)">PreviousMenu</onfocus>
            <animation effect="fade" end="100" delay="5000">Focus</animation>
        </control>
    </controls>
    <animation effect="fade" time="200">WindowOpen</animation>
    <animation effect="fade" time="200">WindowClose</animation>
</window>